feature_1,feature_2,target
-0.3721760679097932,0.5693816732456383,1
-0.14989682200685472,3.6172986050784934,0
-0.40131002884957234,-1.6824895004906817,2
3.663322206320934,2.1536798054857558,1
0.16991891453608965,1.4519531204212992,1
2.200505880810741,3.3903352902322754,1
-1.5243034094553247,-0.16562994455486346,2
-1.5454770523439543,-0.34450730548815545,2
-0.4475813878903241,0.7137628351273234,0
1.8520511083759457,-0.09118106196356512,1
-0.30355815930241703,-1.383662012626238,2
-1.9208927995370892,2.918949895871104,0
0.4880626915133037,3.5057858449671846,0
-1.7005630914469088,-0.19333845782149606,0
-0.20876698986994002,1.1265468141713508,0
-1.2025316681141818,-1.8601876314762875,2
-0.7419115669003129,-0.6801417493256562,2
-0.24392414710557742,1.1997980579394445,0
-1.4034916551808931,0.5694988004813293,0
-0.7696559316782248,0.4008160209869278,1
-0.9198151227630246,-0.32833498742604716,2
0.9067980894140772,0.3970529544581629,1
-0.4799519691786681,2.038910750777192,0
0.19586868957783632,1.3104515964583747,1
-3.121909083375417,0.6222014461788723,0
-0.6496264563195701,0.2703382155665768,0
-1.1157894053802053,-1.2429851040027098,2
-2.411679535851465,-0.8062091360604746,0
1.967345073708668,1.8261010940321878,1
0.09529002044068013,0.5752655458548885,0
-1.6499422348345125,-0.06695916861284412,0
0.45530606246690064,1.5920799817248303,1
1.794879185499112,2.294405723557418,1
1.9291398664583914,2.1879615866006406,1
0.5816089303232259,-1.5188840323601243,2
-1.099363505481096,1.4769112486422176,0
0.30162791131955324,0.22791173377140928,0
-1.5834052093508748,0.40888523279567,2
-0.6910388957407573,0.46491472297947023,0
0.2563304864209457,0.5358996539482848,0
-0.8721749817110147,2.94816692041426,0
0.5424775716925417,-0.08438867152138418,1
-0.27831103161417003,-1.0523741955982708,2
0.6947207223925151,0.42543324123754644,1
1.4308743521731884,0.9876811283821397,1
2.8369575985614968,2.778393424284828,1
0.4187314369480968,-0.06259904221322055,0
1.7092960566165436,0.3984231174494849,1
-1.5479611233462474,1.7099420891843278,0
0.8012526053192905,1.6848983636798196,1
-0.32241666538269564,0.17569648233892832,1
1.857567777538502,1.7382646960940218,1
1.7879748819599164,1.5141273335353738,1
-0.0074544069644085775,-0.45284256458700733,0
-0.4489108149957436,0.07879940344742697,0
2.178961896625731,1.4739847844626537,1
-0.1386627911114271,-0.7979378532393187,0
-0.49734240980082056,0.986026550863544,1
2.971449187037373,1.5559682519335118,1
-1.1513420108508485,0.7692753111688478,0
-1.5990779552595131,-0.7652671286088886,2
-0.855235879473043,-0.47602930274820643,2
0.20478791471491176,1.038755867497844,1
-2.412015423709524,-0.7357017951101579,0
0.3507713592684325,0.30232340583220985,1
-2.7705602873364503,-0.2705629879094089,1
-2.40818907360263,-0.5113940905035548,0
-0.6560475863143316,-0.4413827032678024,1
3.470555701265805,1.8015758684712002,1
-1.5434071975585688,2.5851345562192503,0
1.877681131253484,0.5109598389099089,1
-2.493808576360128,0.37984677341822504,0
-1.724578448461162,0.6190380152652257,0
0.17855096289159023,-0.8202022930979505,0
-0.9387710310697897,0.5951932988116511,0
-0.9130757320196412,-0.7494914193294293,2
1.4351883705438215,1.3359470733986367,1
-1.528528448213078,0.8515365084609612,0
-0.4938474399569647,-1.8777261706442978,2
-0.3581415045600924,2.8007862368650516,0
-1.481291867709344,-0.47865767426774586,2
-1.4961753115466059,-1.3323256278803581,2
-0.2684438360764826,-2.1723591340271877,2
-0.6040435708554468,1.2861736920836289,0
-0.9910392385066276,-1.4904291881367644,2
0.655114140268658,1.5252225684064404,1
-2.4332258577271046,0.4631551723470215,2
-0.9390029997567206,-0.31172027389372325,1
-0.7785535290440327,-0.7477923311209815,2
-0.8729289816282879,0.01304199759555591,1
-0.5032562996716847,-2.020450793236792,2
2.294547743693917,-0.40438018805735165,1
0.6858354180870503,-0.4261364985658873,0
0.4429279355551786,-0.010254820408336585,1
-1.6769132671353084,-0.9108748422434816,2
2.177956247732284,2.073412231008816,1
-0.6406189896370914,1.161060376245767,0
1.7198334549310559,1.7664804088708852,1
-1.275099732681185,1.1134649013949993,0
-0.6818040474306888,-0.6664832813650842,2
-0.844538833067496,-1.1225743283700946,2
-1.0858224767300553,0.6147072909196215,0
2.642685267776634,2.057460832978311,1
-0.8014301043846656,-0.6554160643830953,2
-0.621545854068997,2.994622877757548,0
-1.732071331324244,-0.8467733976271584,2
0.6847034875047984,-0.630003099802926,2
-0.6554802185560954,-0.7905519458347811,2
-2.6355945718017946,1.5600644804842312,0
-0.5816145677185363,1.196672420817092,0
3.108134889063074,1.6283354166686324,1
-0.6834150410111994,2.216632653958237,0
-1.1979936199137236,-0.05181556630104622,0
-1.0781790476277164,-1.0738596362511124,0
-0.7669939128435831,-1.002541423217202,0
1.162154592870967,1.6103520551239157,1
0.4840480866622471,0.04843841662385562,1
2.298016934688274,1.685196900448788,1
1.678735764707696,1.7242675334935562,1
1.8387144874570471,-0.08952090478344532,0
0.1510846966642332,0.8100767732201676,1
-0.5974184315347741,-1.1264879008065594,2
-1.026221429967806,-1.076457856106677,2
1.1170705143949493,1.9163358376343154,1
1.6570687264188226,1.5385010056082133,1
0.10497060989490636,0.7036643594980123,1
-0.5377942603135107,-1.8303104281940894,2
-1.545733218088838,-0.7279516235282751,2
-2.2709388138714566,0.6681401367871566,0
0.0778547586481203,-0.13794296214848045,1
-0.47770049747622023,-1.0511547102580054,2
-0.9861104029648473,-1.5484505986966415,2
1.0951576966743808,1.6401751747130384,1
-0.5821557224562972,0.16041392364412865,0
1.1603297143031468,0.3068950040455203,1
-0.9465871319610254,-2.5642111746224696,2
-2.1043849456593486,-1.6912396279198372,2
-1.0321180352659032,-1.3817410392642913,2
-1.7791390977521093,-2.138434224465703,2
0.6112679446538176,-1.507016118025221,2
-0.9285139967633218,-2.2513466979683736,2
-1.951524622978346,-0.3746856027104122,0
1.145871213648284,-0.004703238378159336,1
-1.3319563241323205,2.6828114601298516,0
-1.6064565117302483,1.996300750413159,0
-0.01661337153791942,1.117553702745881,0
0.010943775280586099,2.537627058178585,0
0.39099532524990743,1.111575788946842,1
1.0172094490960093,1.7122914989151203,1
0.04728122148654845,0.8442876491000824,1
0.4494959896173013,1.1312071099333172,1
0.048754134986254916,0.6266820175293406,1
-0.49242482458029213,-1.1144744144907466,2
-2.331899893840257,-1.1384882646033048,2
-0.18761782801923854,-1.5953407285974988,2
-0.7884295494491497,-2.3992313551880464,2
0.5619473917976812,1.0190205641382875,1
-1.5679730389102349,-0.7487098041187905,0
-0.7604394868397257,-1.0672778358230113,2
0.2315277543135359,-0.8833558714936808,2
-1.87342314700769,0.7756118939162733,2
-0.9112130893644392,0.9413427634624091,1
-1.3523470895436325,-0.9340896248352555,2
1.6782010957732032,1.3220414323230054,1
0.1767746427001431,0.36618903671040814,1
-0.8802877321138679,0.19649561808910554,0
-2.4416866789137943,1.8434609883881614,0
0.2389030137394672,0.6984331454963668,0
1.106948077586487,1.2949176556449087,1
-0.9141360217371378,-0.24683388613130897,2
-0.3844233047229365,-1.3147552677375132,2
-0.12881670352652375,-1.2479968243145556,2
-1.2643518282264645,0.7646575122072153,0
-0.9843944142099765,-0.7765525651402376,2
-0.6257070099646703,-1.781402145320825,2
-1.2609052480483935,-1.7049469623974938,2
-0.3080961782643452,1.9504388442869915,0
-0.08916300928717436,-1.67524155135345,2
0.81404363349089,-0.35848035740599626,1
0.693023020269188,2.4123205584415617,0
-0.5966654244626658,-0.09122514081840993,0
-0.08010598442420702,-2.4447414826523772,2
0.14989849807421263,-0.6633289449683266,2
0.7857103173889739,1.8783900462505052,0
0.6332505357967865,1.0675130236865038,1
-0.4081254059286574,-1.5767682427827403,2
-2.3252392960233594,-0.9195122100703217,0
-2.0556897209752663,0.2502155173666185,2
-1.5279261388882657,-0.1311271267499483,2
3.5842558778500746,4.484225810401386,1
-2.5642654196834815,2.5503476447679834,0
-1.096775228525695,-0.5291855268760316,2
-0.048022256933531016,-1.2068515628830072,2
-1.1643339971631192,-1.3596462090826995,2
-0.4755378915509234,-0.28851949218585626,0
0.07025051469619181,1.7205147842510207,0
1.3793071065072973,1.3619513594585078,1
-0.8800110320967622,-0.5360662407799941,2
0.2413837872652389,1.676681181314694,1
-0.6925017516859777,-0.5495292999207932,2
